-- Reset all tables
TRUNCATE evaluation_scores, evaluation_weights, evaluation, enrollment, fellowship_weights, fellowship_candidates, fellowship, candidate RESTART IDENTITY CASCADE;

-- Insert synthetic data into the candidate table
INSERT INTO candidate (email, ist_id, name) VALUES
                                                ('alice@example.com', 'IST001', 'Alice'),
                                                ('bob@example.com', 'IST002', 'Bob'),
                                                ('charlie@example.com', 'IST003', 'Charlie'),
                                                ('david@example.com', 'IST004', 'David'),
                                                ('eva@example.com', 'IST005', 'Eva'),
                                                ('frank@example.com', 'IST006', 'Frank'),
                                                ('grace@example.com', 'IST007', 'Grace'),
                                                ('henry@example.com', 'IST008', 'Henry'),
                                                ('irene@example.com', 'IST009', 'Irene'),
                                                ('jack@example.com', 'IST010', 'Jack'),
                                                ('kate@example.com', 'IST011', 'Kate'),
                                                ('leo@example.com', 'IST012', 'Leo'),
                                                ('mia@example.com', 'IST013', 'Mia'),
                                                ('nick@example.com', 'IST014', 'Nick'),
                                                ('olivia@example.com', 'IST015', 'Olivia'),
                                                ('paul@example.com', 'IST016', 'Paul'),
                                                ('quincy@example.com', 'IST017', 'Quincy'),
                                                ('rachel@example.com', 'IST018', 'Rachel'),
                                                ('steve@example.com', 'IST019', 'Steve'),
                                                ('tina@example.com', 'IST020', 'Tina');

-- Insert synthetic data into the fellowship table
INSERT INTO fellowship (end_date, monthly_value, start_date, name, description) VALUES
                                                                                    ('2024-12-31', 1000.00, '2024-01-01', 'Fellowship A', 'Description for Fellowship A'),
                                                                                    ('2024-12-31', 1200.00, '2024-01-01', 'Fellowship B', 'Description for Fellowship B'),
                                                                                    ('2024-12-31', 1100.00, '2024-01-01', 'Fellowship C', 'Description for Fellowship C'),
                                                                                    ('2024-12-31', 1300.00, '2024-01-01', 'Fellowship D', 'Description for Fellowship D'),
                                                                                    ('2024-12-31', 1050.00, '2024-01-01', 'Fellowship E', 'Description for Fellowship E'),
                                                                                    ('2024-12-31', 1150.00, '2024-01-01', 'Fellowship F', 'Description for Fellowship F'),
                                                                                    ('2024-12-31', 1250.00, '2024-01-01', 'Fellowship G', 'Description for Fellowship G'),
                                                                                    ('2024-12-31', 1350.00, '2024-01-01', 'Fellowship H', 'Description for Fellowship H'),
                                                                                    ('2024-12-31', 1400.00, '2024-01-01', 'Fellowship I', 'Description for Fellowship I'),
                                                                                    ('2024-12-31', 1500.00, '2024-01-01', 'Fellowship J', 'Description for Fellowship J'),
                                                                                    ('2024-12-31', 1600.00, '2024-01-01', 'Fellowship K', 'Description for Fellowship K'),
                                                                                    ('2024-12-31', 1700.00, '2024-01-01', 'Fellowship L', 'Description for Fellowship L'),
                                                                                    ('2024-12-31', 1800.00, '2024-01-01', 'Fellowship M', 'Description for Fellowship M'),
                                                                                    ('2024-12-31', 1900.00, '2024-01-01', 'Fellowship N', 'Description for Fellowship N'),
                                                                                    ('2024-12-31', 2000.00, '2024-01-01', 'Fellowship O', 'Description for Fellowship O'),
                                                                                    ('2024-12-31', 2100.00, '2024-01-01', 'Fellowship P', 'Description for Fellowship P'),
                                                                                    ('2024-12-31', 2200.00, '2024-01-01', 'Fellowship Q', 'Description for Fellowship Q'),
                                                                                    ('2024-12-31', 2300.00, '2024-01-01', 'Fellowship R', 'Description for Fellowship R'),
                                                                                    ('2024-12-31', 2400.00, '2024-01-01', 'Fellowship S', 'Description for Fellowship S'),
                                                                                    ('2024-12-31', 2500.00, '2024-01-01', 'Fellowship T', 'Description for Fellowship T');

-- Insert synthetic data into the enrollment table
INSERT INTO enrollment (candidate_id, fellowship_id, enrollment_date_time, motivation) VALUES
                                                                                           (1, 1, '2024-01-01 10:00:00', 'Motivation A1'),
                                                                                           (2, 1, '2024-01-01 10:00:00', 'Motivation A2'),
                                                                                           (3, 2, '2024-01-01 10:00:00', 'Motivation B1'),
                                                                                           (4, 2, '2024-01-01 10:00:00', 'Motivation B2'),
                                                                                           (5, 3, '2024-01-01 10:00:00', 'Motivation C1'),
                                                                                           (6, 3, '2024-01-01 10:00:00', 'Motivation C2'),
                                                                                           (7, 4, '2024-01-01 10:00:00', 'Motivation D1'),
                                                                                           (8, 4, '2024-01-01 10:00:00', 'Motivation D2'),
                                                                                           (9, 5, '2024-01-01 10:00:00', 'Motivation E1'),
                                                                                           (10, 5, '2024-01-01 10:00:00', 'Motivation E2'),
                                                                                           (11, 6, '2024-01-01 10:00:00', 'Motivation F1'),
                                                                                           (12, 6, '2024-01-01 10:00:00', 'Motivation F2'),
                                                                                           (13, 7, '2024-01-01 10:00:00', 'Motivation G1'),
                                                                                           (14, 7, '2024-01-01 10:00:00', 'Motivation G2'),
                                                                                           (15, 8, '2024-01-01 10:00:00', 'Motivation H1'),
                                                                                           (16, 8, '2024-01-01 10:00:00', 'Motivation H2'),
                                                                                           (17, 9, '2024-01-01 10:00:00', 'Motivation I1'),
                                                                                           (18, 9, '2024-01-01 10:00:00', 'Motivation I2'),
                                                                                           (19, 10, '2024-01-01 10:00:00', 'Motivation J1'),
                                                                                           (20, 10, '2024-01-01 10:00:00', 'Motivation J2'),
                                                                                           (1, 11, '2024-01-01 10:00:00', 'Motivation K1'),
                                                                                           (2, 11, '2024-01-01 10:00:00', 'Motivation K2'),
                                                                                           (3, 12, '2024-01-01 10:00:00', 'Motivation L1'),
                                                                                           (4, 12, '2024-01-01 10:00:00', 'Motivation L2'),
                                                                                           (5, 13, '2024-01-01 10:00:00', 'Motivation M1'),
                                                                                           (6, 13, '2024-01-01 10:00:00', 'Motivation M2'),
                                                                                           (7, 14, '2024-01-01 10:00:00', 'Motivation N1'),
                                                                                           (8, 14, '2024-01-01 10:00:00', 'Motivation N2'),
                                                                                           (9, 15, '2024-01-01 10:00:00', 'Motivation O1'),
                                                                                           (10, 15, '2024-01-01 10:00:00', 'Motivation O2'),
                                                                                           (11, 16, '2024-01-01 10:00:00', 'Motivation P1'),
                                                                                           (12, 16, '2024-01-01 10:00:00', 'Motivation P2'),
                                                                                           (13, 17, '2024-01-01 10:00:00', 'Motivation Q1'),
                                                                                           (14, 17, '2024-01-01 10:00:00', 'Motivation Q2'),
                                                                                           (15, 18, '2024-01-01 10:00:00', 'Motivation R1'),
                                                                                           (16, 18, '2024-01-01 10:00:00', 'Motivation R2'),
                                                                                           (17, 19, '2024-01-01 10:00:00', 'Motivation S1'),
                                                                                           (18, 19, '2024-01-01 10:00:00', 'Motivation S2'),
                                                                                           (19, 20, '2024-01-01 10:00:00', 'Motivation T1'),
                                                                                           (20, 20, '2024-01-01 10:00:00', 'Motivation T2');

-- Insert synthetic data into the evaluation table (for 10 fellowships)
INSERT INTO evaluation (enrollment_id) VALUES
                                           (1),
                                           (2),
                                           (3),
                                           (4),
                                           (5),
                                           (6),
                                           (7),
                                           (8),
                                           (9),
                                           (10),
                                           (11),
                                           (12),
                                           (13),
                                           (14),
                                           (15),
                                           (16),
                                           (17),
                                           (18),
                                           (19),
                                           (20);

-- Insert synthetic data into the evaluation_scores table
INSERT INTO evaluation_scores (evaluation_id, scores, scores_key) VALUES
                                                                      (1, 85.5, 0),
                                                                      (1, 90.2, 1),
                                                                      (1, 88.3, 2),
                                                                      (2, 78.4, 0),
                                                                      (2, 82.6, 1),
                                                                      (2, 80.1, 2),
                                                                      (3, 92.5, 0),
                                                                      (3, 87.4, 1),
                                                                      (3, 91.0, 2),
                                                                      (4, 89.0, 0),
                                                                      (4, 88.2, 1),
                                                                      (4, 85.3, 2),
                                                                      (5, 76.3, 0),
                                                                      (5, 81.5, 1),
                                                                      (5, 79.4, 2),
                                                                      (6, 93.5, 0),
                                                                      (6, 89.6, 1),
                                                                      (6, 90.2, 2),
                                                                      (7, 84.5, 0),
                                                                      (7, 86.2, 1),
                                                                      (7, 88.1, 2),
                                                                      (8, 80.4, 0),
                                                                      (8, 83.6, 1),
                                                                      (8, 85.1, 2),
                                                                      (9, 91.5, 0),
                                                                      (9, 90.4, 1),
                                                                      (9, 92.2, 2),
                                                                      (10, 88.0, 0),
                                                                      (10, 87.2, 1),
                                                                      (10, 85.3, 2),
                                                                      (11, 75.3, 0),
                                                                      (11, 80.5, 1),
                                                                      (11, 78.4, 2),
                                                                      (12, 92.5, 0),
                                                                      (12, 88.6, 1),
                                                                      (12, 90.2, 2),
                                                                      (13, 85.5, 0),
                                                                      (13, 88.2, 1),
                                                                      (13, 90.1, 2),
                                                                      (14, 78.4, 0),
                                                                      (14, 82.6, 1),
                                                                      (14, 80.1, 2),
                                                                      (15, 92.5, 0),
                                                                      (15, 87.4, 1),
                                                                      (15, 91.0, 2),
                                                                      (16, 89.0, 0),
                                                                      (16, 88.2, 1),
                                                                      (16, 85.3, 2),
                                                                      (17, 76.3, 0),
                                                                      (17, 81.5, 1),
                                                                      (17, 79.4, 2),
                                                                      (18, 93.5, 0),
                                                                      (18, 89.6, 1),
                                                                      (18, 90.2, 2),
                                                                      (19, 84.5, 0),
                                                                      (19, 86.2, 1),
                                                                      (19, 88.1, 2),
                                                                      (20, 80.4, 0),
                                                                      (20, 83.6, 1),
                                                                      (20, 85.1, 2);

-- Insert synthetic data into the evaluation_weights table
INSERT INTO evaluation_weights (evaluation_id, weights, weights_key) VALUES
                                                                         (1, 0.4, 0),
                                                                         (1, 0.3, 1),
                                                                         (1, 0.3, 2),
                                                                         (2, 0.4, 0),
                                                                         (2, 0.3, 1),
                                                                         (2, 0.3, 2),
                                                                         (3, 0.4, 0),
                                                                         (3, 0.3, 1),
                                                                         (3, 0.3, 2),
                                                                         (4, 0.5, 0),
                                                                         (4, 0.3, 1),
                                                                         (4, 0.2, 2),
                                                                         (5, 0.5, 0),
                                                                         (5, 0.3, 1),
                                                                         (5, 0.2, 2),
                                                                         (6, 0.5, 0),
                                                                         (6, 0.3, 1),
                                                                         (6, 0.2, 2),
                                                                         (7, 0.4, 0),
                                                                         (7, 0.3, 1),
                                                                         (7, 0.3, 2),
                                                                         (8, 0.4, 0),
                                                                         (8, 0.3, 1),
                                                                         (8, 0.3, 2),
                                                                         (9, 0.4, 0),
                                                                         (9, 0.3, 1),
                                                                         (9, 0.3, 2),
                                                                         (10, 0.5, 0),
                                                                         (10, 0.3, 1),
                                                                         (10, 0.2, 2),
                                                                         (11, 0.5, 0),
                                                                         (11, 0.3, 1),
                                                                         (11, 0.2, 2),
                                                                         (12, 0.5, 0),
                                                                         (12, 0.3, 1),
                                                                         (12, 0.2, 2),
                                                                         (13, 0.4, 0),
                                                                         (13, 0.3, 1),
                                                                         (13, 0.3, 2),
                                                                         (14, 0.4, 0),
                                                                         (14, 0.3, 1),
                                                                         (14, 0.3, 2),
                                                                         (15, 0.4, 0),
                                                                         (15, 0.3, 1),
                                                                         (15, 0.3, 2),
                                                                         (16, 0.5, 0),
                                                                         (16, 0.3, 1),
                                                                         (16, 0.2, 2),
                                                                         (17, 0.5, 0),
                                                                         (17, 0.3, 1),
                                                                         (17, 0.2, 2),
                                                                         (18, 0.5, 0),
                                                                         (18, 0.3, 1),
                                                                         (18, 0.2, 2),
                                                                         (19, 0.4, 0),
                                                                         (19, 0.3, 1),
                                                                         (19, 0.3, 2),
                                                                         (20, 0.4, 0),
                                                                         (20, 0.3, 1),
                                                                         (20, 0.3, 2);

-- Insert synthetic data into the fellowship_weights table
INSERT INTO fellowship_weights (fellowship_id, weights, weights_key) VALUES
                                                                         (1, 0.4, 0),
                                                                         (1, 0.3, 1),
                                                                         (1, 0.3, 2),
                                                                         (2, 0.5, 0),
                                                                         (2, 0.3, 1),
                                                                         (2, 0.2, 2),
                                                                         (3, 0.4, 0),
                                                                         (3, 0.3, 1),
                                                                         (3, 0.3, 2),
                                                                         (4, 0.5, 0),
                                                                         (4, 0.3, 1),
                                                                         (4, 0.2, 2),
                                                                         (5, 0.4, 0),
                                                                         (5, 0.3, 1),
                                                                         (5, 0.3, 2),
                                                                         (6, 0.5, 0),
                                                                         (6, 0.3, 1),
                                                                         (6, 0.2, 2),
                                                                         (7, 0.4, 0),
                                                                         (7, 0.3, 1),
                                                                         (7, 0.3, 2),
                                                                         (8, 0.5, 0),
                                                                         (8, 0.3, 1),
                                                                         (8, 0.2, 2),
                                                                         (9, 0.4, 0),
                                                                         (9, 0.3, 1),
                                                                         (9, 0.3, 2),
                                                                         (10, 0.5, 0),
                                                                         (10, 0.3, 1),
                                                                         (10, 0.2, 2);

-- Insert synthetic data into the fellowship_candidates table
INSERT INTO fellowship_candidates (fellowships_id, candidates_id) VALUES
                                                                      (1, 1),
                                                                      (1, 2),
                                                                      (2, 3),
                                                                      (2, 4),
                                                                      (3, 5),
                                                                      (3, 6),
                                                                      (4, 7),
                                                                      (4, 8),
                                                                      (5, 9),
                                                                      (5, 10),
                                                                      (6, 11),
                                                                      (6, 12),
                                                                      (7, 13),
                                                                      (7, 14),
                                                                      (8, 15),
                                                                      (8, 16),
                                                                      (9, 17),
                                                                      (9, 18),
                                                                      (10, 19),
                                                                      (10, 20),
                                                                      (11, 1),
                                                                      (11, 2),
                                                                      (12, 3),
                                                                      (12, 4),
                                                                      (13, 5),
                                                                      (13, 6),
                                                                      (14, 7),
                                                                      (14, 8),
                                                                      (15, 9),
                                                                      (15, 10),
                                                                      (16, 11),
                                                                      (16, 12),
                                                                      (17, 13),
                                                                      (17, 14),
                                                                      (18, 15),
                                                                      (18, 16),
                                                                      (19, 17),
                                                                      (19, 18),
                                                                      (20, 19),
                                                                      (20, 20);
